residue_name,prediction,real_label
D_VAL1,0,0
D_VAL2,0,0
D_TRP3,0,0
D_THR4,0,0
D_ASP5,0,0
D_PHE6,0,0
D_GLU7,0,0
D_ARG8,0,0
D_ALA9,0,0
D_THR10,0,0
D_ILE11,0,0
D_ALA12,0,0
D_ASP13,0,0
D_ILE14,0,0
D_PHE15,0,0
D_SER16,0,0
D_LYS17,0,0
D_LEU18,0,0
D_ASP19,0,0
D_TYR20,0,0
D_GLU21,0,0
D_ALA22,0,0
D_VAL23,0,0
D_GLY24,0,0
D_GLY25,0,0
D_ALA26,0,0
D_THR27,0,0
D_LEU28,0,0
D_ALA29,0,0
D_ARG30,0,0
D_CYS31,0,0
D_LEU32,0,0
D_ILE33,0,0
D_VAL34,0,0
D_TYR35,0,0
D_PRO36,0,0
D_TRP37,0,0
D_THR38,1,0
D_GLN39,0,0
D_ARG40,0,0
D_TYR41,1,1
D_PHE42,1,1
D_GLY43,0,0
D_ASN44,1,0
D_PHE45,1,1
D_GLY46,0,0
D_ASN47,0,0
D_LEU48,0,0
D_ASN50,0,0
D_ALA51,0,0
D_ALA52,0,0
D_ALA53,0,0
D_ILE54,0,0
D_MET55,0,0
D_GLY56,0,0
D_ASN57,0,0
D_PRO58,0,0
D_MET59,0,0
D_ILE60,0,0
D_ALA61,0,0
D_LYS62,0,0
D_HIS63,1,1
D_GLY64,0,0
D_THR65,0,0
D_THR66,1,1
D_ILE67,1,1
D_LEU68,0,0
D_HIS69,0,0
D_GLY70,0,0
D_LEU71,1,1
D_ASP72,0,0
D_ARG73,0,0
D_ALA74,0,0
D_VAL75,0,0
D_LYS76,0,0
D_ASN77,0,0
D_MET78,0,0
D_ASP79,0,0
D_ASN80,0,0
D_ILE81,0,0
D_LYS82,0,0
D_ALA83,0,0
D_THR84,0,0
D_TYR85,0,1
D_ALA86,0,0
D_GLU87,0,0
D_LEU88,1,1
D_SER89,0,0
D_VAL90,0,0
D_LEU91,0,1
D_HIS92,1,1
D_SER93,0,0
D_GLU94,0,0
D_LYS95,0,0
D_LEU96,1,1
D_HIS97,0,0
D_VAL98,1,1
D_ASP99,0,0
D_PRO100,0,0
D_ASP101,0,0
D_ASN102,1,1
D_PHE103,1,1
D_LYS104,0,0
D_LEU105,0,0
D_LEU106,1,1
D_SER107,0,0
D_ASP108,0,0
D_CYS109,0,0
D_LEU110,0,0
D_THR111,0,0
D_ILE112,0,0
D_VAL113,0,0
D_VAL114,0,0
D_ALA115,0,0
D_ALA116,0,0
D_GLN117,0,0
D_LEU118,0,0
D_GLY119,0,0
D_LYS120,0,0
D_ALA121,0,0
D_PHE122,0,0
D_SER123,0,0
D_GLY124,0,0
D_GLU125,0,0
D_VAL126,0,0
D_GLN127,0,0
D_ALA128,0,0
D_ALA129,0,0
D_PHE130,0,0
D_GLN131,0,0
D_LYS132,0,0
D_PHE133,0,0
D_LEU134,0,0
D_SER135,0,0
D_VAL136,0,0
D_VAL137,0,0
D_VAL138,0,0
D_SER139,0,0
D_ALA140,0,0
D_LEU141,1,1
D_GLY142,0,0
D_LYS143,0,0
D_GLN144,0,0
D_TYR145,0,0
D_HIS146,0,0
